ta,specID,contingency,study,noswitches,ids,m1_BIC,m2_BIC,m3_BIC,m1m1_diff,m1m2_diff,m1m3_diff,m2m1_diff,m2m2_diff,m2m3_diff,m3m1_diff,m3m2_diff,m3m3_diff
71,pl2,75/25,1,NaN,pl2,0.503758161505953,0.553933277193797,0.443211932701524,0,-0.0501751156878439,0.0605462288044286,0.0501751156878439,0,0.110721344492273,-0.0605462288044286,-0.110721344492273,0
25,pl3,75/25,1,NaN,pl3,0.527864794865049,0.097721805378498,0.450949495722046,0,0.430142989486551,0.0769152991430033,-0.430142989486551,0,-0.353227690343548,-0.0769152991430033,0.353227690343548,0
47,pl4,75/25,1,NaN,pl4,0.53005252595863,0.540429435237381,0.488117607473942,0,-0.0103769092787516,0.0419349184846881,0.0103769092787516,0,0.0523118277634397,-0.0419349184846881,-0.0523118277634397,0
50,pl5,75/25,1,NaN,pl5,0.634168446822517,0.671619339351406,0.624763851523336,0,-0.0374508925288888,0.00940459529918047,0.0374508925288888,0,0.0468554878280693,-0.00940459529918047,-0.0468554878280693,0
35,pl6,75/25,1,NaN,pl6,0.515482682739385,-0.110757991606362,0.487019854441557,0,0.626240674345747,0.0284628282978286,-0.626240674345747,0,-0.597777846047919,-0.0284628282978286,0.597777846047919,0
37,pl7,75/25,1,NaN,pl7,0.351194030728786,-0.0278540824352311,0.075481242608846,0,0.379048113164017,0.27571278811994,-0.379048113164017,0,-0.103335325044077,-0.27571278811994,0.103335325044077,0
62,pl8,75/25,1,NaN,pl8,0.488646413250503,0.473484512130141,0.441082596130138,0,0.0151619011203614,0.0475638171203645,-0.0151619011203614,0,0.0324019160000031,-0.0475638171203645,-0.0324019160000031,0
31,pl10,75/25,1,NaN,pl10,0.327545601218031,0.362516329591402,0.348681153495957,0,-0.0349707283733714,-0.0211355522779261,0.0349707283733714,0,0.0138351760954453,0.0211355522779261,-0.0138351760954453,0
52,pl11,75/25,1,NaN,pl11,0.0608466262691555,-0.0140093606874001,0.124072922513243,0,0.0748559869565556,-0.0632262962440876,-0.0748559869565556,0,-0.138082283200643,0.0632262962440876,0.138082283200643,0
37,pl12,75/25,1,NaN,pl12,0.373675505838514,0.117727874420091,0.0875178439285821,0,0.255947631418423,0.286157661909931,-0.255947631418423,0,0.0302100304915087,-0.286157661909931,-0.0302100304915087,0
46,pl13,75/25,1,NaN,pl13,0.594969894550842,0.593343182604018,0.577847432768452,0,0.00162671194682384,0.0171224617823901,-0.00162671194682384,0,0.0154957498355662,-0.0171224617823901,-0.0154957498355662,0
26,pl14,75/25,1,NaN,pl14,0.433933103306907,0.358893517311779,0.368963556498817,0,0.0750395859951284,0.0649695468080904,-0.0750395859951284,0,-0.010070039187038,-0.0649695468080904,0.010070039187038,0
45,pl15,75/25,1,NaN,pl15,0.488749172728296,0.61166315329548,0.437036458359777,0,-0.122913980567184,0.0517127143685193,0.122913980567184,0,0.174626694935703,-0.0517127143685193,-0.174626694935703,0
45,pl16,75/25,1,NaN,pl16,0.328054879125678,0.32951095541949,0.361043248768638,0,-0.00145607629381211,-0.0329883696429595,0.00145607629381211,0,-0.0315322933491474,0.0329883696429595,0.0315322933491474,0
51,pl17,75/25,1,NaN,pl17,0.512207852310726,0.552804427451711,0.51344159093912,0,-0.040596575140985,-0.00123373862839393,0.040596575140985,0,0.0393628365125911,0.00123373862839393,-0.0393628365125911,0
31,pl18,75/25,1,NaN,pl18,0.419802771824368,0.377739200441172,0.431690114494214,0,0.0420635713831956,-0.0118873426698461,-0.0420635713831956,0,-0.0539509140530418,0.0118873426698461,0.0539509140530418,0
31,pl19,75/25,1,NaN,pl19,0.392988800895861,0.355996729738027,0.422989853007647,0,0.0369920711578335,-0.0300010521117862,-0.0369920711578335,0,-0.0669931232696197,0.0300010521117862,0.0669931232696197,0
31,pl20,75/25,1,NaN,pl20,0.463807407717698,0.474562362099557,0.447645772771278,0,-0.0107549543818596,0.0161616349464201,0.0107549543818596,0,0.0269165893282797,-0.0161616349464201,-0.0269165893282797,0
49,pl21,75/25,1,NaN,pl21,0.548730962660383,0.581521995981238,0.577109449564337,0,-0.032791033320855,-0.0283784869039545,0.032791033320855,0,0.00441254641690048,0.0283784869039545,-0.00441254641690048,0
44,pl22,75/25,1,NaN,pl22,0.459720160271311,0.374162267576116,0.479256815808703,0,0.085557892695195,-0.0195366555373915,-0.085557892695195,0,-0.105094548232587,0.0195366555373915,0.105094548232587,0
24,pl23,75/25,1,NaN,pl23,0.540769596912312,0.544029699983373,0.548318035220404,0,-0.0032601030710615,-0.00754843830809282,0.0032601030710615,0,-0.00428833523703132,0.00754843830809282,0.00428833523703132,0
44.5,pl24,75/25,1,NaN,pl24,0.385922899663465,0.367049057094005,0.448983566741567,0,0.0188738425694605,-0.0630606670781015,-0.0188738425694605,0,-0.081934509647562,0.0630606670781015,0.081934509647562,0
30,pl25,75/25,1,NaN,pl25,0.704458409290374,0.645362968534167,0.676085707719163,0,0.0590954407562073,0.0283727015712112,-0.0590954407562073,0,-0.0307227391849961,-0.0283727015712112,0.0307227391849961,0
26,pl26,75/25,1,NaN,pl26,0.206735175035856,0.193011774423337,0.118805793253738,0,0.0137234006125188,0.087929381782118,-0.0137234006125188,0,0.0742059811695992,-0.087929381782118,-0.0742059811695992,0
44,pl27,75/25,1,NaN,pl27,0.251146230993611,0.326569077093894,0.331589266179938,0,-0.0754228461002827,-0.0804430351863264,0.0754228461002827,0,-0.00502018908604374,0.0804430351863264,0.00502018908604374,0
40,pl28,75/25,1,NaN,pl28,0.502583897609846,0.47238207219275,0.109237136699579,0,0.0302018254170962,0.393346760910267,-0.0302018254170962,0,0.36314493549317,-0.393346760910267,-0.36314493549317,0
46,pl29,75/25,1,NaN,pl29,0.474454485692887,0.443210639789575,0.478871098233228,0,0.0312438459033119,-0.00441661254034031,-0.0312438459033119,0,-0.0356604584436522,0.00441661254034031,0.0356604584436522,0
30,pl30,75/25,1,NaN,pl30,0.620681872953101,0.657619811229815,0.582403372415745,0,-0.0369379382767141,0.0382785005373564,0.0369379382767141,0,0.0752164388140705,-0.0382785005373564,-0.0752164388140705,0
22,pl33,75/25,1,NaN,pl33,0.504797543564478,0.420774973438643,0.339109842404006,0,0.0840225701258349,0.165687701160471,-0.0840225701258349,0,0.0816651310346365,-0.165687701160471,-0.0816651310346365,0
57,pl34,75/25,1,NaN,pl34,0.121318459914365,0.0485705992553764,0.220501242996268,0,0.0727478606589882,-0.0991827830819036,-0.0727478606589882,0,-0.171930643740892,0.0991827830819036,0.171930643740892,0
34,m01_v2,75/25,2,NaN,m01,0.507672724495202,0.50517641820693,0.494350175421198,0,0.00249630628827147,0.0133225490740034,-0.00249630628827147,0,0.0108262427857319,-0.0133225490740034,-0.0108262427857319,0
39,m08_v2,75/25,2,NaN,m08,0.460073197715428,0.466606008474611,0.44771043407996,0,-0.00653281075918249,0.0123627636354681,0.00653281075918249,0,0.0188955743946506,-0.0123627636354681,-0.0188955743946506,0
40,m14_v2,75/25,2,NaN,m14,0.0123965968511391,0.087097150193664,NaN,0,-0.074700553342525,NaN,0.074700553342525,0,NaN,NaN,NaN,NaN
50,m22_v2,75/25,2,NaN,m22,0.578294141084088,0.558354939548642,0.541333834500253,0,0.0199392015354466,0.0369603065838353,-0.0199392015354466,0,0.0170211050483887,-0.0369603065838353,-0.0170211050483887,0
45,m26_v2,75/25,2,NaN,m26,0.609298403374912,0.0931702694139363,0.605561054572578,0,0.516128133960976,0.00373734880233434,-0.516128133960976,0,-0.512390785158641,-0.00373734880233434,0.512390785158641,0
30,m27_v2,75/25,2,NaN,m27,0.522475969975971,0.538205660484998,0.217279949323994,0,-0.0157296905090268,0.305196020651978,0.0157296905090268,0,0.320925711161005,-0.305196020651978,-0.320925711161005,0
42,m29_v2,75/25,2,NaN,m29,0.254984910056804,0.118180951613109,0.250984563135327,0,0.136803958443695,0.00400034692147688,-0.136803958443695,0,-0.132803611522218,-0.00400034692147688,0.132803611522218,0
33,m34_v2,75/25,2,NaN,m34,0.694603556596133,0.727887096890279,0.652963682854604,0,-0.033283540294146,0.0416398737415289,0.033283540294146,0,0.0749234140356749,-0.0416398737415289,-0.0749234140356749,0
44,m39_v2,75/25,2,NaN,m39,0.048219813105373,-0.00902588880470302,0.143515988658835,0,0.057245701910076,-0.0952961755534621,-0.057245701910076,0,-0.152541877463538,0.0952961755534621,0.152541877463538,0
33,m40_v2,75/25,2,NaN,m40,0.742204090941371,0.729033083092531,0.698158971634914,0,0.0131710078488396,0.0440451193064566,-0.0131710078488396,0,0.030874111457617,-0.0440451193064566,-0.030874111457617,0
29,m41_v2,75/25,2,NaN,m41,0.355270670817661,NaN,0.40777462269326,0,NaN,-0.0525039518755983,NaN,NaN,NaN,0.0525039518755983,NaN,0
32,m43_v2,75/25,2,NaN,m43,0.6244582148922,0.675477981641895,0.614577264288461,0,-0.0510197667496952,0.00988095060373828,0.0510197667496952,0,0.0609007173534335,-0.00988095060373828,-0.0609007173534335,0
39,f04_v2,75/25,2,NaN,f04,0.702056209132516,NaN,0.650344231337805,0,NaN,0.0517119777947115,NaN,NaN,NaN,-0.0517119777947115,NaN,0
37,f12_v2,75/25,2,NaN,f12,0.336611435060158,0.379667060782385,0.367396275799933,0,-0.0430556257222268,-0.0307848407397746,0.0430556257222268,0,0.0122707849824522,0.0307848407397746,-0.0122707849824522,0
25,f15_v2,75/25,2,NaN,f15,0.514074757346666,0.479191113098142,0.59110330271135,0,0.0348836442485237,-0.077028545364685,-0.0348836442485237,0,-0.111912189613209,0.077028545364685,0.111912189613209,0
26,f20_v2,75/25,2,NaN,f20,0.733532636044386,0.735187265369227,0.72466708761318,0,-0.00165462932484028,0.00886554843120635,0.00165462932484028,0,0.0105201777560466,-0.00886554843120635,-0.0105201777560466,0
43,f27_v2,75/25,2,NaN,f27,0.624220180690012,0.590877343406262,0.614330935251799,0,0.03334283728375,0.00988924543821301,-0.03334283728375,0,-0.023453591845537,-0.00988924543821301,0.023453591845537,0
38,f31_v2,75/25,2,NaN,f31,0.306980689639811,0.309140124331835,0.31699379052449,0,-0.00215943469202384,-0.010013100884679,0.00215943469202384,0,-0.00785366619265515,0.010013100884679,0.00785366619265515,0
41,f36_v2,75/25,2,NaN,f36,0.575849876382771,0.477313645661401,0.491634747953126,0,0.0985362307213696,0.0842151284296442,-0.0985362307213696,0,-0.0143211022917254,-0.0842151284296442,0.0143211022917254,0
52,f38_v2,75/25,2,NaN,f38,0.623135941561274,0.591626738927437,0.606136915795576,0,0.0315092026338368,0.0169990257656978,-0.0315092026338368,0,-0.014510176868139,-0.0169990257656978,0.014510176868139,0
30,f40_v2,75/25,2,NaN,f40,0.563644790210016,0.575391922078538,0.535675831126135,0,-0.0117471318685221,0.0279689590838802,0.0117471318685221,0,0.0397160909524022,-0.0279689590838802,-0.0397160909524022,0
32,f42_v2,75/25,2,NaN,f42,0.377748510382227,0.392266734359097,0.381326563614041,0,-0.0145182239768706,-0.0035780532318147,0.0145182239768706,0,0.0109401707450559,0.0035780532318147,-0.0109401707450559,0
46,ss3_bl6040,60/40,3,NaN,ss3,0.313060522473517,0.063771587911272,0.336241670584375,0,0.249288934562245,-0.0231811481108579,-0.249288934562245,0,-0.272470082673103,0.0231811481108579,0.272470082673103,0
46,ss3_bl7525,75/25,3,NaN,ss3,0.243399747286067,-0.0414335605181145,0.212254186729955,0,0.284833307804181,0.0311455605561115,-0.284833307804181,0,-0.25368774724807,-0.0311455605561115,0.25368774724807,0
46,ss3_bl9010,90/10,3,NaN,ss3,0.50411080274432,0.557594490894707,0.490269351828943,0,-0.0534836881503873,0.0138414509153775,0.0534836881503873,0,0.0673251390657648,-0.0138414509153775,-0.0673251390657648,0
28,ss4_bl7525,75/25,3,NaN,ss4,0.383413390097696,0.389490805138872,0.298237040939715,0,-0.00607741504117565,0.0851763491579808,0.00607741504117565,0,0.0912537641991565,-0.0851763491579808,-0.0912537641991565,0
28,ss4_bl9010,90/10,3,NaN,ss4,0.0911065770068344,0.110332846370898,0.118621646399483,0,-0.0192262693640632,-0.0275150693926491,0.0192262693640632,0,-0.00828880002858588,0.0275150693926491,0.00828880002858588,0
67,ss5_bl6040,60/40,3,NaN,ss5,0.387499593208951,0.467417542099216,0.441119932583691,0,-0.079917948890265,-0.0536203393747395,0.079917948890265,0,0.0262976095155255,0.0536203393747395,-0.0262976095155255,0
67,ss5_bl7525,75/25,3,NaN,ss5,0.686699753314943,0.757351036366804,0.676296007872123,0,-0.0706512830518617,0.01040374544282,0.0706512830518617,0,0.0810550284946817,-0.01040374544282,-0.0810550284946817,0
67,ss5_bl9010,90/10,3,NaN,ss5,0.737773169741187,0.690851711686293,0.693630091359322,0,0.0469214580548946,0.0441430783818655,-0.0469214580548946,0,-0.00277837967302907,-0.0441430783818655,0.00277837967302907,0
60,ss7_bl6040,60/40,3,NaN,ss7,0.0470243474398854,0.0525796601984216,0.146238818711335,0,-0.00555531275853626,-0.0992144712714498,0.00555531275853626,0,-0.0936591585129136,0.0992144712714498,0.0936591585129136,0
60,ss7_bl7525,75/25,3,NaN,ss7,0.181844692551868,0.162432659531281,0.131484132082809,0,0.0194120330205867,0.0503605604690587,-0.0194120330205867,0,0.0309485274484721,-0.0503605604690587,-0.0309485274484721,0
60,ss7_bl9010,90/10,3,NaN,ss7,0.25649403137181,0.270767729576312,0.296032156239607,0,-0.0142736982045021,-0.0395381248677974,0.0142736982045021,0,-0.0252644266632953,0.0395381248677974,0.0252644266632953,0
20,ss8_bl6040,60/40,3,NaN,ss8,0.579202548174996,0.597105542287886,0.587584270166744,0,-0.0179029941128906,-0.0083817219917488,0.0179029941128906,0,0.00952127212114184,0.0083817219917488,-0.00952127212114184,0
20,ss8_bl9010,90/10,3,NaN,ss8,0.72525185089811,0.751179424515123,0.689580338437561,0,-0.0259275736170128,0.0356715124605497,0.0259275736170128,0,0.0615990860775625,-0.0356715124605497,-0.0615990860775625,0
41,ss9_bl6040,60/40,3,NaN,ss9,0.471858749004778,NaN,0.465800201261476,0,NaN,0.00605854774330267,NaN,NaN,NaN,-0.00605854774330267,NaN,0
41,ss9_bl7525,75/25,3,NaN,ss9,0.535890100417226,0.542051620482537,0.488152262448361,0,-0.00616152006531145,0.0477378379688646,0.00616152006531145,0,0.0538993580341761,-0.0477378379688646,-0.0538993580341761,0
41,ss9_bl9010,90/10,3,NaN,ss9,0.323615221821078,0.239974481133898,0.380932621499013,0,0.0836407406871797,-0.0573173996779353,-0.0836407406871797,0,-0.140958140365115,0.0573173996779353,0.140958140365115,0
56,ss10_bl6040,60/40,3,NaN,ss10,0.471590205703557,0.475949020260362,0.42218530713709,0,-0.00435881455680504,0.0494048985664665,0.00435881455680504,0,0.0537637131232716,-0.0494048985664665,-0.0537637131232716,0
56,ss10_bl7525,75/25,3,NaN,ss10,0.364381672490954,NaN,0.163403526641911,0,NaN,0.200978145849042,NaN,NaN,NaN,-0.200978145849042,NaN,0
56,ss10_bl9010,90/10,3,NaN,ss10,0.649159666259525,0.663488144484751,0.638169992465619,0,-0.0143284782252255,0.0109896737939066,0.0143284782252255,0,0.0253181520191321,-0.0109896737939066,-0.0253181520191321,0
45,ss12_bl6040,60/40,3,NaN,ss12,0.581614624618715,0.106859233629852,0.493320807867835,0,0.474755390988863,0.0882938167508805,-0.474755390988863,0,-0.386461574237982,-0.0882938167508805,0.386461574237982,0
45,ss12_bl7525,75/25,3,NaN,ss12,0.186583023104573,0.133619578472125,0.198574625196652,0,0.0529634446324483,-0.0119916020920791,-0.0529634446324483,0,-0.0649550467245273,0.0119916020920791,0.0649550467245273,0
45,ss12_bl9010,90/10,3,NaN,ss12,0.112763923232738,0.107394212602608,0.0768088645793426,0,0.00536971063013039,0.0359550586533957,-0.00536971063013039,0,0.0305853480232653,-0.0359550586533957,-0.0305853480232653,0
27,ss13_bl6040,60/40,3,NaN,ss13,0.189449970462821,0.121247981096206,0.142527918333751,0,0.0682019893666157,0.0469220521290707,-0.0682019893666157,0,-0.021279937237545,-0.0469220521290707,0.021279937237545,0
27,ss13_bl7525,75/25,3,NaN,ss13,0.363244463444114,0.344119370737105,0.184869998083222,0,0.0191250927070086,0.178374465360892,-0.0191250927070086,0,0.159249372653884,-0.178374465360892,-0.159249372653884,0
27,ss13_bl9010,90/10,3,NaN,ss13,0.077376974790989,0.0901318119492511,0.0266155617944185,0,-0.0127548371582621,0.0507614129965704,0.0127548371582621,0,0.0635162501548326,-0.0507614129965704,-0.0635162501548326,0
44,ss14_bl6040,60/40,3,NaN,ss14,0.262346335991735,0.114088786657098,0.036029861112537,0,0.148257549334637,0.226316474879198,-0.148257549334637,0,0.0780589255445614,-0.226316474879198,-0.0780589255445614,0
44,ss14_bl7525,75/25,3,NaN,ss14,0.31912533414079,0.137177976366275,0.276397522095621,0,0.181947357774515,0.0427278120451693,-0.181947357774515,0,-0.139219545729346,-0.0427278120451693,0.139219545729346,0
44,ss14_bl9010,90/10,3,NaN,ss14,0.452380488707497,0.445476006838838,0.249512819336033,0,0.00690448186865866,0.202867669371464,-0.00690448186865866,0,0.195963187502805,-0.202867669371464,-0.195963187502805,0
37,ss15_bl6040,60/40,3,NaN,ss15,0.422361991703468,0.44817826144562,0.385075978617618,0,-0.0258162697421523,0.0372860130858495,0.0258162697421523,0,0.0631022828280018,-0.0372860130858495,-0.0631022828280018,0
37,ss15_bl7525,75/25,3,NaN,ss15,0.507201534482317,NaN,0.506078752591892,0,NaN,0.00112278189042536,NaN,NaN,NaN,-0.00112278189042536,NaN,0
37,ss15_bl9010,90/10,3,NaN,ss15,0.542641877850976,0.540374571954663,0.538799733555659,0,0.00226730589631319,0.00384214429531693,-0.00226730589631319,0,0.00157483839900374,-0.00384214429531693,-0.00157483839900374,0
30,ss16_bl6040,60/40,3,NaN,ss16,0.223515230420648,0.216406233382012,0.248155647481666,0,0.00710899703863613,-0.0246404170610181,-0.00710899703863613,0,-0.0317494140996542,0.0246404170610181,0.0317494140996542,0
30,ss16_bl7525,75/25,3,NaN,ss16,0.398112061773797,0.424227964303277,0.415446907982446,0,-0.0261159025294799,-0.0173348462086486,0.0261159025294799,0,0.00878105632083126,0.0173348462086486,-0.00878105632083126,0
30,ss16_bl9010,90/10,3,NaN,ss16,0.336752510934247,0.163778204277514,0.465081465190296,0,0.172974306656733,-0.128328954256049,-0.172974306656733,0,-0.301303260912782,0.128328954256049,0.301303260912782,0
49,ss17_bl6040,60/40,3,NaN,ss17,0.646888189557333,0.630204551877622,0.646438410121166,0,0.0166836376797102,0.000449779436166531,-0.0166836376797102,0,-0.0162338582435436,-0.000449779436166531,0.0162338582435436,0
49,ss17_bl7525,75/25,3,NaN,ss17,0.665319149597911,0.695124387758096,0.674359883938628,0,-0.0298052381601851,-0.00904073434071728,0.0298052381601851,0,0.0207645038194678,0.00904073434071728,-0.0207645038194678,0
49,ss17_bl9010,90/10,3,NaN,ss17,0.713431769084366,0.716593793545682,0.745596291577145,0,-0.00316202446131586,-0.032164522492779,0.00316202446131586,0,-0.0290024980314632,0.032164522492779,0.0290024980314632,0
34,ss18_bl6040,60/40,3,NaN,ss18,0.0940113527342942,0.166618754772531,0.0695570948357929,0,-0.0726074020382371,0.0244542578985014,0.0726074020382371,0,0.0970616599367385,-0.0244542578985014,-0.0970616599367385,0
34,ss18_bl7525,75/25,3,NaN,ss18,0.131778629305556,0.149114496628312,0.0647303789616752,0,-0.0173358673227564,0.0670482503438804,0.0173358673227564,0,0.0843841176666368,-0.0670482503438804,-0.0843841176666368,0
34,ss18_bl9010,90/10,3,NaN,ss18,0.050886017356393,0.203325674501296,-0.0299253573579178,0,-0.152439657144903,0.0808113747143109,0.152439657144903,0,0.233251031859214,-0.0808113747143109,-0.233251031859214,0
34,ss19_bl6040,60/40,3,NaN,ss19,0.18248046444824,0.282992531758463,0.168885424243013,0,-0.100512067310223,0.0135950402052268,0.100512067310223,0,0.11410710751545,-0.0135950402052268,-0.11410710751545,0
34,ss19_bl7525,75/25,3,NaN,ss19,0.287792859458118,0.222080255874146,0.199513049671049,0,0.0657126035839726,0.0882798097870688,-0.0657126035839726,0,0.0225672062030962,-0.0882798097870688,-0.0225672062030962,0
34,ss19_bl9010,90/10,3,NaN,ss19,0.492574186392963,0.513385630899806,0.542840647320905,0,-0.0208114445068434,-0.0502664609279425,0.0208114445068434,0,-0.0294550164210992,0.0502664609279425,0.0294550164210992,0
29,ss20_bl6040,60/40,3,NaN,ss20,0.515239909433659,0.0533320435852005,0.604323760442323,0,0.461907865848459,-0.089083851008664,-0.461907865848459,0,-0.550991716857123,0.089083851008664,0.550991716857123,0
29,ss20_bl7525,75/25,3,NaN,ss20,0.250971203049636,0.136265330712106,0.0818191272258495,0,0.11470587233753,0.169152075823787,-0.11470587233753,0,0.0544462034862567,-0.169152075823787,-0.0544462034862567,0
29,ss20_bl9010,90/10,3,NaN,ss20,0.0624165102627273,-0.0246833007794455,0.0985190658481825,0,0.0870998110421728,-0.0361025555854551,-0.0870998110421728,0,-0.123202366627628,0.0361025555854551,0.123202366627628,0
50,ss21_bl6040,60/40,3,NaN,ss21,0.576560048793686,0.618109050225068,0.527499866671124,0,-0.0415490014313814,0.049060182122562,0.0415490014313814,0,0.0906091835539434,-0.049060182122562,-0.0906091835539434,0
50,ss21_bl7525,75/25,3,NaN,ss21,0.653617880602202,0.676988832813808,0.568688942243951,0,-0.0233709522116055,0.0849289383582512,0.0233709522116055,0,0.108299890569857,-0.0849289383582512,-0.108299890569857,0
50,ss21_bl9010,90/10,3,NaN,ss21,0.748329151623733,0.770684593701598,0.705589814999005,0,-0.0223554420778658,0.0427393366247273,0.0223554420778658,0,0.0650947787025931,-0.0427393366247273,-0.0650947787025931,0
52,ss22_bl6040,60/40,3,NaN,ss22,0.431404899280277,0.506695831737355,0.473168540873378,0,-0.0752909324570786,-0.0417636415931012,0.0752909324570786,0,0.0335272908639774,0.0417636415931012,-0.0335272908639774,0
52,ss22_bl7525,75/25,3,NaN,ss22,0.297214998334357,0.187773213900959,0.281011366971916,0,0.109441784433399,0.0162036313624411,-0.109441784433399,0,-0.0932381530709578,-0.0162036313624411,0.0932381530709578,0
52,ss22_bl9010,90/10,3,NaN,ss22,0.701885517970107,0.732218698422289,0.68554657112292,0,-0.0303331804521826,0.0163389468471863,0.0303331804521826,0,0.0466721272993689,-0.0163389468471863,-0.0466721272993689,0
44,ss23_bl6040,60/40,3,NaN,ss23,0.549188895980821,0.647889193335752,0.387417297506677,0,-0.0987002973549311,0.161771598474144,0.0987002973549311,0,0.260471895829075,-0.161771598474144,-0.260471895829075,0
44,ss23_bl7525,75/25,3,NaN,ss23,0.555288519208563,0.517289615658486,0.540734727225619,0,0.0379989035500765,0.0145537919829439,-0.0379989035500765,0,-0.0234451115671326,-0.0145537919829439,0.0234451115671326,0
44,ss23_bl9010,90/10,3,NaN,ss23,0.682074147189901,0.719593035399219,0.691216526095224,0,-0.0375188882093176,-0.00914237890532299,0.0375188882093176,0,0.0283765093039946,0.00914237890532299,-0.0283765093039946,0
27,ss24_bl6040,60/40,3,NaN,ss24,0.395878626136884,0.10409514274635,-0.11462431225138,0,0.291783483390534,0.510502938388264,-0.291783483390534,0,0.21871945499773,-0.510502938388264,-0.21871945499773,0
27,ss24_bl7525,75/25,3,NaN,ss24,0.0424522418026311,0.131045000665071,0.267000583692939,0,-0.0885927588624396,-0.224548341890308,0.0885927588624396,0,-0.135955583027869,0.224548341890308,0.135955583027869,0
27,ss24_bl9010,90/10,3,NaN,ss24,-0.00757643815029694,-0.0536038515560973,NaN,0,0.0460274134058003,NaN,-0.0460274134058003,0,NaN,NaN,NaN,NaN
40,ss25_bl6040,60/40,3,NaN,ss25,0.280447857766828,0.340575983866178,-0.145548550857918,0,-0.06012812609935,0.425996408624746,0.06012812609935,0,0.486124534724096,-0.425996408624746,-0.486124534724096,0
40,ss25_bl7525,75/25,3,NaN,ss25,0.47172400569356,0.563563623158284,0.0122437271864374,0,-0.0918396174647237,0.459480278507123,0.0918396174647237,0,0.551319895971847,-0.459480278507123,-0.551319895971847,0
40,ss25_bl9010,90/10,3,NaN,ss25,0.41999417677096,0.424178677813833,0.421006026080261,0,-0.0041845010428721,-0.00101184930930026,0.0041845010428721,0,0.00317265173357184,0.00101184930930026,-0.00317265173357184,0
50,ss26_bl6040,60/40,3,NaN,ss26,0.606792008314666,0.581923483383737,0.5579805193502,0,0.0248685249309289,0.0488114889644663,-0.0248685249309289,0,0.0239429640335374,-0.0488114889644663,-0.0239429640335374,0
50,ss26_bl7525,75/25,3,NaN,ss26,0.759203072130089,0.762762912956943,0.56555330845003,0,-0.00355984082685346,0.193649763680059,0.00355984082685346,0,0.197209604506913,-0.193649763680059,-0.197209604506913,0
50,ss26_bl9010,90/10,3,NaN,ss26,0.776122446394886,0.820620421334309,0.736076538802488,0,-0.0444979749394229,0.0400459075923982,0.0444979749394229,0,0.0845438825318211,-0.0400459075923982,-0.0845438825318211,0
27,ss27_bl6040,60/40,3,NaN,ss27,0.0807983418371038,0.10279260341304,0.122060221835134,0,-0.0219942615759363,-0.0412618799980303,0.0219942615759363,0,-0.019267618422094,0.0412618799980303,0.019267618422094,0
27,ss27_bl7525,75/25,3,NaN,ss27,0.198158651541755,NaN,0.241996664832915,0,NaN,-0.0438380132911596,NaN,NaN,NaN,0.0438380132911596,NaN,0
27,ss27_bl9010,90/10,3,NaN,ss27,0.428419114857202,0.501701331872249,0.436532822276915,0,-0.0732822170150477,-0.00811370741971312,0.0732822170150477,0,0.0651685095953345,0.00811370741971312,-0.0651685095953345,0
38,ss28_bl6040,60/40,3,NaN,ss28,0.481589496613994,0.506865550595968,0.454695471795362,0,-0.025276053981974,0.0268940248186321,0.025276053981974,0,0.0521700788006061,-0.0268940248186321,-0.0521700788006061,0
38,ss28_bl7525,75/25,3,NaN,ss28,0.543756865373521,0.520625486612494,0.491771206512787,0,0.023131378761027,0.0519856588607348,-0.023131378761027,0,0.0288542800997078,-0.0519856588607348,-0.0288542800997078,0
38,ss28_bl9010,90/10,3,NaN,ss28,0.713368810712398,0.738628787569745,0.682757248076002,0,-0.0252599768573469,0.0306115626363953,0.0252599768573469,0,0.0558715394937422,-0.0306115626363953,-0.0558715394937422,0
40,ss29_bl6040,60/40,3,NaN,ss29,0.639504408787729,0.680117484985623,0.556182403047073,0,-0.0406130761978937,0.083322005740656,0.0406130761978937,0,0.12393508193855,-0.083322005740656,-0.12393508193855,0
40,ss29_bl7525,75/25,3,NaN,ss29,0.609174587047257,0.644427746019899,0.572271868465643,0,-0.0352531589726421,0.0369027185816132,0.0352531589726421,0,0.0721558775542553,-0.0369027185816132,-0.0721558775542553,0
40,ss29_bl9010,90/10,3,NaN,ss29,0.797338433686338,0.80585514272715,0.774325838676991,0,-0.00851670904081148,0.0230125950093475,0.00851670904081148,0,0.031529304050159,-0.0230125950093475,-0.031529304050159,0
53,ss30_bl6040,60/40,3,NaN,ss30,0.618391087916642,0.68665329405781,0.464727026835661,0,-0.0682622061411678,0.153664061080981,0.0682622061411678,0,0.221926267222149,-0.153664061080981,-0.221926267222149,0
53,ss30_bl7525,75/25,3,NaN,ss30,0.682333679067114,0.689990212355922,0.59750702585932,0,-0.00765653328880822,0.0848266532077938,0.00765653328880822,0,0.092483186496602,-0.0848266532077938,-0.092483186496602,0
53,ss30_bl9010,90/10,3,NaN,ss30,0.705446082352209,0.697031218546815,0.635596100696634,0,0.00841486380539425,0.069849981655575,-0.00841486380539425,0,0.0614351178501807,-0.069849981655575,-0.0614351178501807,0
27,ss32_bl6040,60/40,3,NaN,ss32,0.248838341858259,0.202486101708191,0.304162657823466,0,0.0463522401500678,-0.0553243159652071,-0.0463522401500678,0,-0.101676556115275,0.0553243159652071,0.101676556115275,0
27,ss32_bl7525,75/25,3,NaN,ss32,0.628281446305536,0.707047386684682,0.639746147637728,0,-0.0787659403791464,-0.0114647013321926,0.0787659403791464,0,0.0673012390469538,0.0114647013321926,-0.0673012390469538,0
27,ss32_bl9010,90/10,3,NaN,ss32,0.290291848010375,0.308456827797414,NaN,0,-0.0181649797870387,NaN,0.0181649797870387,0,NaN,NaN,NaN,NaN
37,ss33_bl6040,60/40,3,NaN,ss33,0.233923832812941,0.305966527395845,0.244386159971067,0,-0.0720426945829042,-0.0104623271581256,0.0720426945829042,0,0.0615803674247786,0.0104623271581256,-0.0615803674247786,0
37,ss33_bl7525,75/25,3,NaN,ss33,0.520775056541705,0.516519972103325,0.40698187877713,0,0.00425508443837974,0.113793177764574,-0.00425508443837974,0,0.109538093326195,-0.113793177764574,-0.109538093326195,0
37,ss33_bl9010,90/10,3,NaN,ss33,0.571570825376586,0.548670450763797,0.591413860001992,0,0.0229003746127894,-0.0198430346254066,-0.0229003746127894,0,-0.042743409238196,0.0198430346254066,0.042743409238196,0
53,ss34_bl6040,60/40,3,NaN,ss34,0.55553040534971,0.590269148779603,0.53698757836774,0,-0.0347387434298932,0.0185428269819692,0.0347387434298932,0,0.0532815704118624,-0.0185428269819692,-0.0532815704118624,0
53,ss34_bl7525,75/25,3,NaN,ss34,0.629518836678031,0.720905042964479,0.62617619803217,0,-0.0913862062864479,0.00334263864586115,0.0913862062864479,0,0.094728844932309,-0.00334263864586115,-0.094728844932309,0
53,ss34_bl9010,90/10,3,NaN,ss34,0.681525642679709,0.622063673855305,0.698481515813022,0,0.0594619688244041,-0.0169558731333128,-0.0594619688244041,0,-0.0764178419577169,0.0169558731333128,0.0764178419577169,0
39,ss35_bl6040,60/40,3,NaN,ss35,0.528218651873784,0.536214424245207,0.480066762275793,0,-0.0079957723714229,0.0481518895979907,0.0079957723714229,0,0.0561476619694136,-0.0481518895979907,-0.0561476619694136,0
39,ss35_bl7525,75/25,3,NaN,ss35,0.583488357938623,0.592888089842588,0.573989814166887,0,-0.00939973190396493,0.00949854377173598,0.00939973190396493,0,0.0188982756757009,-0.00949854377173598,-0.0188982756757009,0
39,ss35_bl9010,90/10,3,NaN,ss35,0.729624784351388,0.7425871627544,0.676090143660276,0,-0.0129623784030125,0.0535346406911112,0.0129623784030125,0,0.0664970190941238,-0.0535346406911112,-0.0664970190941238,0
37,ss36_bl6040,60/40,3,NaN,ss36,0.534465425396254,0.563802013414849,0.52574164365885,0,-0.0293365880185956,0.00872378173740362,0.0293365880185956,0,0.0380603697559992,-0.00872378173740362,-0.0380603697559992,0
37,ss36_bl7525,75/25,3,NaN,ss36,0.284016864780612,0.326993100898732,0.35620609031143,0,-0.042976236118119,-0.0721892255308176,0.042976236118119,0,-0.0292129894126986,0.0721892255308176,0.0292129894126986,0
37,ss36_bl9010,90/10,3,NaN,ss36,0.646172438301216,0.656265127928829,0.619680869176273,0,-0.0100926896276129,0.0264915691249433,0.0100926896276129,0,0.0365842587525562,-0.0264915691249433,-0.0365842587525562,0
53,ss37_bl6040,60/40,3,NaN,ss37,0.624441319173201,0.677173115191274,0.602869540227716,0,-0.052731796018073,0.021571778945485,0.052731796018073,0,0.074303574963558,-0.021571778945485,-0.074303574963558,0
53,ss37_bl7525,75/25,3,NaN,ss37,0.783322259873629,0.783645679468952,0.763266967168997,0,-0.00032341959532356,0.020055292704632,0.00032341959532356,0,0.0203787122999556,-0.020055292704632,-0.0203787122999556,0
53,ss37_bl9010,90/10,3,NaN,ss37,0.755944609503984,0.763631695583968,0.71935803446611,0,-0.00768708607998336,0.0365865750378743,0.00768708607998336,0,0.0442736611178577,-0.0365865750378743,-0.0442736611178577,0
20,ss38_bl6040,60/40,3,NaN,ss38,0.286162849401793,0.089070555774068,0.298008162565482,0,0.197092293627725,-0.0118453131636894,-0.197092293627725,0,-0.208937606791414,0.0118453131636894,0.208937606791414,0
20,ss38_bl7525,75/25,3,NaN,ss38,0.366382589166449,0.405168497555899,0.350806171711005,0,-0.0387859083894491,0.0155764174554445,0.0387859083894491,0,0.0543623258448936,-0.0155764174554445,-0.0543623258448936,0
20,ss38_bl9010,90/10,3,NaN,ss38,0.609963774611646,0.5968325477667,0.67858758485736,0,0.0131312268449462,-0.0686238102457143,-0.0131312268449462,0,-0.0817550370906605,0.0686238102457143,0.0817550370906605,0
33,ss39_bl6040,60/40,3,NaN,ss39,0.706367577747738,0.620512605237885,0.647049892804745,0,0.0858549725098539,0.0593176849429934,-0.0858549725098539,0,-0.0265372875668605,-0.0593176849429934,0.0265372875668605,0
33,ss39_bl7525,75/25,3,NaN,ss39,0.459241776326519,0.482557311757759,0.412284430458214,0,-0.02331553543124,0.0469573458683046,0.02331553543124,0,0.0702728812995446,-0.0469573458683046,-0.0702728812995446,0
33,ss39_bl9010,90/10,3,NaN,ss39,0.613901748268834,0.578766642331064,0.584932272073345,0,0.0351351059377694,0.0289694761954882,-0.0351351059377694,0,-0.00616562974228119,-0.0289694761954882,0.00616562974228119,0
56,ss40_bl6040,60/40,3,NaN,ss40,0.293698800849456,0.295526801684618,0.309082943579867,0,-0.0018280008351626,-0.0153841427304109,0.0018280008351626,0,-0.0135561418952483,0.0153841427304109,0.0135561418952483,0
56,ss40_bl7525,75/25,3,NaN,ss40,0.318714063204858,0.3517590290604,0.294380276210991,0,-0.0330449658555425,0.0243337869938668,0.0330449658555425,0,0.0573787528494092,-0.0243337869938668,-0.0573787528494092,0
56,ss40_bl9010,90/10,3,NaN,ss40,0.0833712908906573,-0.0534150826995811,-0.191937073807651,0,0.136786373590238,0.275308364698308,-0.136786373590238,0,0.138521991108069,-0.275308364698308,-0.138521991108069,0
42,ss41_bl6040,60/40,3,NaN,ss41,0.459916838503548,0.595249929317605,0.50676221738794,0,-0.135333090814057,-0.0468453788843914,0.135333090814057,0,0.0884877119296656,0.0468453788843914,-0.0884877119296656,0
42,ss41_bl7525,75/25,3,NaN,ss41,0.702272524865885,0.722581775965507,0.689219068816842,0,-0.0203092510996222,0.013053456049043,0.0203092510996222,0,0.0333627071486652,-0.013053456049043,-0.0333627071486652,0
42,ss41_bl9010,90/10,3,NaN,ss41,0.841348131056637,0.812554560520817,0.809394958083451,0,0.0287935705358191,0.0319531729731859,-0.0287935705358191,0,0.00315960243736679,-0.0319531729731859,-0.00315960243736679,0
47,ss42_bl6040,60/40,3,NaN,ss42,0.432938166612918,0.364717607025428,0.48584752337259,0,0.0682205595874901,-0.0529093567596715,-0.0682205595874901,0,-0.121129916347162,0.0529093567596715,0.121129916347162,0
47,ss42_bl7525,75/25,3,NaN,ss42,0.278734582495504,0.11929950849609,0.350378707869161,0,0.159435073999414,-0.0716441253736571,-0.159435073999414,0,-0.231079199373071,0.0716441253736571,0.231079199373071,0
47,ss42_bl9010,90/10,3,NaN,ss42,0.657001629225801,0.665649164512476,0.64601125739283,0,-0.00864753528667572,0.010990371832971,0.00864753528667572,0,0.0196379071196467,-0.010990371832971,-0.0196379071196467,0
