specID,ta,tabin,Trial_Type,contingency,study_str,id,prob,err,trtype_str
f04_v2,39,1,1,75/25,study_2,f04,0.919196428571429,0.0906032416689854,hi-prob
f04_v2,39,1,2,75/25,study_2,f04,0.0611607142857143,-0.131417978200516,low-prob
f12_v2,37,1,1,75/25,study_2,f12,0.755545454545455,-0.157100516459956,hi-prob
f12_v2,37,1,2,75/25,study_2,f12,0.204818181818182,-0.0425818886276117,low-prob
f15_v2,25,1,1,75/25,study_2,f15,0.790948275862069,-0.025170425646045,hi-prob
f15_v2,25,1,2,75/25,study_2,f15,0.25698275862069,0.0319784888042873,low-prob
f20_v2,26,1,1,75/25,study_2,f20,0.576727272727273,-0.213813000349735,hi-prob
f20_v2,26,1,2,75/25,study_2,f20,0.354272727272727,-0.0102801919211194,low-prob
f27_v2,43,2,1,75/25,study_2,f27,0.460363636363636,-0.501673434727479,hi-prob
f27_v2,43,2,2,75/25,study_2,f27,0.405909090909091,0.094060478924743,low-prob
f31_v2,38,1,1,75/25,study_2,f31,0.819545454545455,-0.108375026263877,hi-prob
f31_v2,38,1,2,75/25,study_2,f31,0.183909090909091,-0.0349348298040823,low-prob
f36_v2,41,2,1,75/25,study_2,f36,0.60948275862069,-0.206635942887424,hi-prob
f36_v2,41,2,2,75/25,study_2,f36,0.193706896551724,-0.0312973732646782,low-prob
f38_v2,52,2,1,75/25,study_2,f38,0.475,-0.241033639770228,hi-prob
f38_v2,52,2,2,75/25,study_2,f38,0.457454545454545,0.154315257355432,low-prob
f40_v2,30,1,1,75/25,study_2,f40,0.905803571428571,0.098786462467651,hi-prob
f40_v2,30,1,2,75/25,study_2,f40,0.2475,0.0949556463084932,low-prob
f42_v2,32,1,1,75/25,study_2,f42,0.795714285714286,-0.0190967583310146,hi-prob
f42_v2,32,1,2,75/25,study_2,f42,0.180714285714286,-0.0115179782005161,low-prob
m01_v2,34,1,1,75/25,study_2,m01,0.452767857142857,-0.369213537532349,hi-prob
m01_v2,34,1,2,75/25,study_2,m01,0.302321428571429,0.173155646308493,low-prob
m08_v2,39,1,1,75/25,study_2,m08,0.804642857142857,0.0291864624676511,hi-prob
m08_v2,39,1,2,75/25,study_2,m08,0.228125,0.105255646308493,low-prob
m14_v2,40,2,1,75/25,study_2,m14,0.502844827586207,-0.313273873921907,hi-prob
m14_v2,40,2,2,75/25,study_2,m14,0.572844827586207,0.347840557769805,low-prob
m22_v2,50,2,1,75/25,study_2,m22,0.853272727272727,-0.0865734347274797,hi-prob
m22_v2,50,2,2,75/25,study_2,m22,0.281363636363636,-0.0479003053889825,low-prob
m26_v2,45,2,1,75/25,study_2,m26,0.964224137931034,0.148105436422921,hi-prob
m26_v2,45,2,2,75/25,study_2,m26,0.0677586206896551,-0.157245649126747,low-prob
m27_v2,30,1,1,75/25,study_2,m27,0.779741379310345,-0.0363773221977691,hi-prob
m27_v2,30,1,2,75/25,study_2,m27,0.0368103448275861,-0.188193924988816,low-prob
m29_v2,42,2,1,75/25,study_2,m29,0.785344827586207,-0.0307738739219071,hi-prob
m29_v2,42,2,2,75/25,study_2,m29,0.667672413793103,0.442668143976701,low-prob
m34_v2,33,1,1,75/25,study_2,m34,0.902678571428572,0.113286462467651,hi-prob
m34_v2,33,1,2,75/25,study_2,m34,0.121964285714286,-0.0433443536915067,low-prob
m39_v2,44,2,1,75/25,study_2,m39,0.388571428571429,-0.439713537532349,hi-prob
m39_v2,44,2,2,75/25,study_2,m39,0.352857142857143,0.230655646308493,low-prob
m40_v2,33,1,1,75/25,study_2,m40,0.941272727272727,0.176486999650265,hi-prob
m40_v2,33,1,2,75/25,study_2,m40,0.241090909090909,-0.121480191921119,low-prob
m41_v2,29,1,1,75/25,study_2,m41,0.785357142857143,-0.0490967583310145,hi-prob
m41_v2,29,1,2,75/25,study_2,m41,0.520625,0.338282021799484,low-prob
m43_v2,32,1,1,75/25,study_2,m43,0.612181818181818,-0.092798345652581,hi-prob
m43_v2,32,1,2,75/25,study_2,m43,0.414727272727273,0.128825061277,low-prob
pl10,31,1,1,75/25,study_1,pl10,0.692361111111111,-0.0380756720354051,hi-prob
pl10,31,1,2,75/25,study_1,pl10,0.394027777777778,0.147908633639638,low-prob
pl11,52,2,1,75/25,study_1,pl11,0.542397260273973,-0.18942978977514,hi-prob
pl11,52,2,2,75/25,study_1,pl11,0.22041095890411,0.0399642918579494,low-prob
pl12,37,1,1,75/25,study_1,pl12,0.8822,0.0835940364728482,hi-prob
pl12,37,1,2,75/25,study_1,pl12,0.324733333333333,0.0348836114686265,low-prob
pl13,46,2,1,75/25,study_1,pl13,0.919097222222222,0.164859997198697,hi-prob
pl13,46,2,2,75/25,study_1,pl13,0.489652777777778,0.0947331779343919,low-prob
pl14,26,1,1,75/25,study_1,pl14,0.844,0.0453940364728482,hi-prob
pl14,26,1,2,75/25,study_1,pl14,0.324733333333333,0.0348836114686266,low-prob
pl15,45,2,1,75/25,study_1,pl15,0.728767123287671,-0.00305992676144114,hi-prob
pl15,45,2,2,75/25,study_1,pl15,0.118493150684932,-0.0619535163612286,low-prob
pl16,45,2,1,75/25,study_1,pl16,0.606875,-0.160832310493611,hi-prob
pl16,45,2,2,75/25,study_1,pl16,0.541388888888889,0.153040870242084,low-prob
pl17,51,2,1,75/25,study_1,pl17,0.803513513513514,0.0246071240787875,hi-prob
pl17,51,2,2,75/25,study_1,pl17,0.17277027027027,-0.0746241588167558,low-prob
pl18,31,1,1,75/25,study_1,pl18,0.69068493150685,-0.0411421185422631,hi-prob
pl18,31,1,2,75/25,study_1,pl18,0.345821917808219,0.165375250762059,low-prob
pl19,31,1,1,75/25,study_1,pl19,0.632260273972602,-0.0995667760765096,hi-prob
pl19,31,1,2,75/25,study_1,pl19,0.290753424657534,0.110306757611374,low-prob
pl2,71,2,1,75/25,study_1,pl2,0.614861111111111,-0.108618982541022,hi-prob
pl2,71,2,2,75/25,study_1,pl2,0.533263888888889,0.210203206465429,low-prob
pl20,31,1,1,75/25,study_1,pl20,0.614454545454545,-0.155576979124609,hi-prob
pl20,31,1,2,75/25,study_1,pl20,0.549272727272727,0.127009468183915,low-prob
pl21,49,2,1,75/25,study_1,pl21,0.86431506849315,0.132488018444038,hi-prob
pl21,49,2,2,75/25,study_1,pl21,0.219657534246575,0.0392108672004152,low-prob
pl22,44,2,1,75/25,study_1,pl22,0.748055555555556,0.018167689506389,hi-prob
pl22,44,2,2,75/25,study_1,pl22,0.520277777777778,0.119348562549776,low-prob
pl23,24,1,1,75/25,study_1,pl23,0.612083333333333,-0.146909233570534,hi-prob
pl23,24,1,2,75/25,study_1,pl23,0.391527777777778,-0.0203437451425312,low-prob
pl24,44.5,2,1,75/25,study_1,pl24,0.727945205479452,-0.00388184456966028,hi-prob
pl24,44.5,2,2,75/25,study_1,pl24,0.388493150684932,0.208046483638771,low-prob
pl25,30,1,1,75/25,study_1,pl25,0.740902777777778,-0.0194476951089957,hi-prob
pl25,30,1,2,75/25,study_1,pl25,0.50125,0.101040870242084,low-prob
pl26,26,1,1,75/25,study_1,pl26,0.725,-0.0720911653093949,hi-prob
pl26,26,1,2,75/25,study_1,pl26,0.580352112676056,0.338930824530839,low-prob
pl27,44,2,1,75/25,study_1,pl27,0.873533333333333,0.0749273698061815,hi-prob
pl27,44,2,2,75/25,study_1,pl27,0.185333333333333,-0.104516388531373,low-prob
pl28,40,2,1,75/25,study_1,pl28,0.871438356164383,0.139611306115271,hi-prob
pl28,40,2,2,75/25,study_1,pl28,0.303424657534247,0.122977990488086,low-prob
pl29,46,2,1,75/25,study_1,pl29,0.746164383561644,0.0143373335125315,hi-prob
pl29,46,2,2,75/25,study_1,pl29,0.14013698630137,-0.0403096807447903,low-prob
pl3,25,1,1,75/25,study_1,pl3,0.833630136986301,0.101803086937189,hi-prob
pl3,25,1,2,75/25,study_1,pl3,0.219383561643836,0.0389368945976755,low-prob
pl30,30,1,1,75/25,study_1,pl30,0.75513698630137,0.0233099362522575,hi-prob
pl30,30,1,2,75/25,study_1,pl30,0.0982876712328767,-0.0821589958132835,low-prob
pl33,22,1,1,75/25,study_1,pl33,0.815833333333333,0.0853965501868171,hi-prob
pl33,22,1,2,75/25,study_1,pl33,0.336944444444444,0.0908253003063045,low-prob
pl34,57,2,1,75/25,study_1,pl34,0.66472972972973,-0.144180754709091,hi-prob
pl34,57,2,2,75/25,study_1,pl34,0.405608108108108,0.194921295728699,low-prob
pl4,47,2,1,75/25,study_1,pl4,0.771506849315069,0.0396797992659561,hi-prob
pl4,47,2,2,75/25,study_1,pl4,0.201369863013699,0.0209231959675385,low-prob
pl5,50,2,1,75/25,study_1,pl5,0.676575342465754,-0.055251707583359,hi-prob
pl5,50,2,2,75/25,study_1,pl5,0.20027397260274,0.0198273055565796,low-prob
pl6,35,1,1,75/25,study_1,pl6,0.616643835616439,-0.115183214432674,hi-prob
pl6,35,1,2,75/25,study_1,pl6,0.37,0.18955333295384,low-prob
pl7,37,1,1,75/25,study_1,pl7,0.672466666666667,-0.126139296860485,hi-prob
pl7,37,1,2,75/25,study_1,pl7,0.561666666666667,0.27181694480196,low-prob
pl8,62,2,1,75/25,study_1,pl8,0.926418918918918,0.129607124078787,hi-prob
pl8,62,2,2,75/25,study_1,pl8,0.291689189189189,0.044163719971123,low-prob
ss10_bl6040,56,2,1,60/40,study_3,ss10,0.450576923076923,-0.110353142408537,hi-prob
ss10_bl6040,56,2,2,60/40,study_3,ss10,0.293461538461539,0.00151226985221318,low-prob
ss10_bl7525,56,2,1,75/25,study_3,ss10,0.532195121951219,-0.157032502723434,hi-prob
ss10_bl7525,56,2,2,75/25,study_3,ss10,0.347439024390244,0.0875109630944789,low-prob
ss10_bl9010,56,2,1,90/10,study_3,ss10,0.8957,-0.0870318141712927,hi-prob
ss10_bl9010,56,2,2,90/10,study_3,ss10,0.1448,0.0467704099288603,low-prob
ss12_bl6040,45,2,1,60/40,study_3,ss12,0.432916666666667,-0.173127703435684,hi-prob
ss12_bl6040,45,2,2,60/40,study_3,ss12,0.451145833333333,0.128872259244209,low-prob
ss12_bl7525,45,2,1,75/25,study_3,ss12,0.764464285714286,-0.0218533238691422,hi-prob
ss12_bl7525,45,2,2,75/25,study_3,ss12,0.282321428571429,0.0955298819776655,low-prob
ss12_bl9010,45,2,1,90/10,study_3,ss12,0.949318181818182,0.0721699819420745,hi-prob
ss12_bl9010,45,2,2,90/10,study_3,ss12,0.103068181818182,-0.108692890882003,low-prob
ss13_bl6040,27,1,1,60/40,study_3,ss13,0.790612244897959,0.0890512226851236,hi-prob
ss13_bl6040,27,1,2,60/40,study_3,ss13,0.271122448979592,-0.158748703037072,low-prob
ss13_bl7525,27,1,1,75/25,study_3,ss13,0.860697674418605,0.154536816101656,hi-prob
ss13_bl7525,27,1,2,75/25,study_3,ss13,0.108953488372093,-0.213379183659796,low-prob
ss13_bl9010,27,1,1,90/10,study_3,ss13,0.945851063829787,-0.0227055314182458,hi-prob
ss13_bl9010,27,1,2,90/10,study_3,ss13,0.261914893617021,0.194787474951353,low-prob
ss14_bl6040,44,2,1,60/40,study_3,ss14,0.238269230769231,-0.354281713837108,hi-prob
ss14_bl6040,44,2,2,60/40,study_3,ss14,0.178846153846154,-0.103487730147787,low-prob
ss14_bl7525,44,2,1,75/25,study_3,ss14,0.534146341463415,-0.155081283211239,hi-prob
ss14_bl7525,44,2,2,75/25,study_3,ss14,0.333170731707317,0.0732426704115521,low-prob
ss14_bl9010,44,2,1,90/10,study_3,ss14,0.501304347826087,-0.41126599217662,hi-prob
ss14_bl9010,44,2,2,90/10,study_3,ss14,0.0482608695652173,0.0198963543138472,low-prob
ss15_bl6040,37,1,1,60/40,study_3,ss15,0.769387755102041,0.0722330408669418,hi-prob
ss15_bl6040,37,1,2,60/40,study_3,ss15,0.474795918367347,0.0631831151447458,low-prob
ss15_bl7525,37,1,1,75/25,study_3,ss15,0.831545454545455,0.164955194973598,hi-prob
ss15_bl7525,37,1,2,75/25,study_3,ss15,0.341272727272727,0.0868123138178116,low-prob
ss15_bl9010,37,1,1,90/10,study_3,ss15,0.831078431372549,-0.122666068636609,hi-prob
ss15_bl9010,37,1,2,90/10,study_3,ss15,0.118039215686274,0.0988960768274018,low-prob
ss16_bl6040,30,1,1,60/40,study_3,ss16,0.345729166666667,-0.266664288801538,hi-prob
ss16_bl6040,30,1,2,60/40,study_3,ss16,0.1365625,-0.186842026470077,low-prob
ss16_bl7525,30,1,1,75/25,study_3,ss16,0.602211538461538,-0.239726104561547,hi-prob
ss16_bl7525,30,1,2,75/25,study_3,ss16,0.353076923076923,0.16663363495159,low-prob
ss16_bl9010,30,1,1,90/10,study_3,ss16,0.695869565217391,-0.216700774785316,hi-prob
ss16_bl9010,30,1,2,90/10,study_3,ss16,0.048695652173913,0.0203311369225428,low-prob
ss17_bl6040,49,2,1,60/40,study_3,ss17,0.555714285714286,-0.152312413678513,hi-prob
ss17_bl6040,49,2,2,60/40,study_3,ss17,0.572551020408163,0.178864933326564,low-prob
ss17_bl7525,49,2,1,75/25,study_3,ss17,0.72,-0.121937643023085,hi-prob
ss17_bl7525,49,2,2,75/25,study_3,ss17,0.283173076923077,0.0967297887977437,low-prob
ss17_bl9010,49,2,1,90/10,study_3,ss17,0.953076923076922,0.0647614735147157,hi-prob
ss17_bl9010,49,2,2,90/10,study_3,ss17,0.105769230769231,-0.0162506811716122,low-prob
ss18_bl6040,34,1,1,60/40,study_3,ss18,0.543205128205128,-0.0661783156590142,hi-prob
ss18_bl6040,34,1,2,60/40,study_3,ss18,0.585128205128205,0.310320635989085,low-prob
ss18_bl7525,34,1,1,75/25,study_3,ss18,0.472325581395349,-0.199805289161502,hi-prob
ss18_bl7525,34,1,2,75/25,study_3,ss18,0.496046511627907,0.137147132129677,low-prob
ss18_bl9010,34,1,1,90/10,study_3,ss18,0.538936170212766,-0.429620425035267,hi-prob
ss18_bl9010,34,1,2,90/10,study_3,ss18,0.966382978723404,0.899255560057735,low-prob
ss19_bl6040,34,1,1,60/40,study_3,ss19,0.679285714285714,0.126232162476946,hi-prob
ss19_bl6040,34,1,2,60/40,study_3,ss19,0.618690476190476,0.149134931139575,low-prob
ss19_bl7525,34,1,1,75/25,study_3,ss19,0.592545454545455,-0.0947323050264021,hi-prob
ss19_bl7525,34,1,2,75/25,study_3,ss19,0.604454545454545,0.346291480484478,low-prob
ss19_bl9010,34,1,1,90/10,study_3,ss19,0.714615384615385,-0.173700064946823,hi-prob
ss19_bl9010,34,1,2,90/10,study_3,ss19,0.0853846153846154,-0.0366352965562275,low-prob
ss20_bl6040,29,1,1,60/40,study_3,ss20,0.755714285714286,0.258394324639109,hi-prob
ss20_bl6040,29,1,2,60/40,study_3,ss20,0.321309523809524,-0.15572993372529,low-prob
ss20_bl7525,29,1,1,75/25,study_3,ss20,0.762857142857143,-0.023460466726285,hi-prob
ss20_bl7525,29,1,2,75/25,study_3,ss20,0.174464285714286,-0.0123272608794774,low-prob
ss20_bl9010,29,1,1,90/10,study_3,ss20,0.909019607843137,-0.0447248921660211,hi-prob
ss20_bl9010,29,1,2,90/10,study_3,ss20,0.21421568627451,0.195072547415637,low-prob
ss21_bl6040,50,2,1,60/40,study_3,ss21,0.590918367346939,-0.115494231860331,hi-prob
ss21_bl6040,50,2,2,60/40,study_3,ss21,0.251326530612245,-0.180112339400709,low-prob
ss21_bl7525,50,2,1,75/25,study_3,ss21,0.741442307692308,-0.100495335330777,hi-prob
ss21_bl7525,50,2,2,75/25,study_3,ss21,0.183365384615385,-0.00307790350994867,low-prob
ss21_bl9010,50,2,1,90/10,study_3,ss21,0.908039215686274,-0.0457052843228838,hi-prob
ss21_bl9010,50,2,2,90/10,study_3,ss21,0.0419607843137254,0.0228176454548528,low-prob
ss22_bl6040,52,2,1,60/40,study_3,ss22,0.872375,0.222571097561423,hi-prob
ss22_bl6040,52,2,2,60/40,study_3,ss22,0.67625,0.212110383668046,low-prob
ss22_bl7525,52,2,1,75/25,study_3,ss22,0.775487804878049,0.0862601802033955,hi-prob
ss22_bl7525,52,2,2,75/25,study_3,ss22,0.121219512195122,-0.138708549100643,low-prob
ss22_bl9010,52,2,1,90/10,study_3,ss22,0.9459,-0.0135434420782695,hi-prob
ss22_bl9010,52,2,2,90/10,study_3,ss22,0.0929,-0.0571830784432327,low-prob
ss23_bl6040,44,2,1,60/40,study_3,ss23,0.841020408163266,0.142460313594215,hi-prob
ss23_bl6040,44,2,2,60/40,study_3,ss23,0.309591836734694,-0.0940896121279815,low-prob
ss23_bl7525,44,2,1,75/25,study_3,ss23,0.688953488372093,0.00993155294376149,hi-prob
ss23_bl7525,44,2,2,75/25,study_3,ss23,0.344186046511628,0.0217523952875721,low-prob
ss23_bl9010,44,2,1,90/10,study_3,ss23,0.930681818181818,0.0495310930531855,hi-prob
ss23_bl9010,44,2,2,90/10,study_3,ss23,0.102840909090909,-0.0932762242153367,low-prob
ss24_bl6040,27,1,1,60/40,study_3,ss24,0.291071428571429,-0.295794864550081,hi-prob
ss24_bl6040,27,1,2,60/40,study_3,ss24,0.268095238095238,-0.177216420211776,low-prob
ss24_bl7525,27,1,1,75/25,study_3,ss24,0.558363636363636,-0.140565638359735,hi-prob
ss24_bl7525,27,1,2,75/25,study_3,ss24,0.853272727272727,0.624103980484478,low-prob
ss24_bl9010,27,1,1,90/10,study_3,ss24,0.38156862745098,-0.572175872558178,hi-prob
ss24_bl9010,27,1,2,90/10,study_3,ss24,0.99470588235294,0.975562743494069,low-prob
ss25_bl6040,40,2,1,60/40,study_3,ss25,0.694605263157895,-0.0198753817041179,hi-prob
ss25_bl6040,40,2,2,60/40,study_3,ss25,0.03125,-0.366731031987199,low-prob
ss25_bl7525,40,2,1,75/25,study_3,ss25,0.629553571428572,-0.156764038154856,hi-prob
ss25_bl7525,40,2,2,75/25,study_3,ss25,0.220535714285714,0.0337441676919512,low-prob
ss25_bl9010,40,2,1,90/10,study_3,ss25,0.628617021276596,-0.339939573971437,hi-prob
ss25_bl9010,40,2,2,90/10,study_3,ss25,0.185531914893617,0.118404496227948,low-prob
ss26_bl6040,50,2,1,60/40,study_3,ss26,0.714358974358974,0.0821029343409858,hi-prob
ss26_bl6040,50,2,2,60/40,study_3,ss26,0.103333333333333,-0.110891485223036,low-prob
ss26_bl7525,50,2,1,75/25,study_3,ss26,0.815294117647059,0.112026237803643,hi-prob
ss26_bl7525,50,2,2,75/25,study_3,ss26,0.111176470588235,-0.156920822643691,low-prob
ss26_bl9010,50,2,1,90/10,study_3,ss26,0.960744680851063,-0.00781191439696923,hi-prob
ss26_bl9010,50,2,2,90/10,study_3,ss26,0.0859574468085106,0.0188300281428419,low-prob
ss27_bl6040,27,1,1,60/40,study_3,ss27,0.574183673469388,-0.144244231860331,hi-prob
ss27_bl6040,27,1,2,60/40,study_3,ss27,0.516224489795919,0.116251296962928,low-prob
ss27_bl7525,27,1,1,75/25,study_3,ss27,0.356764705882353,-0.346503173961063,hi-prob
ss27_bl7525,27,1,2,75/25,study_3,ss27,0.193333333333333,-0.0747639598985935,low-prob
ss27_bl9010,27,1,1,90/10,study_3,ss27,0.829117647058824,-0.124626852950335,hi-prob
ss27_bl9010,27,1,2,90/10,study_3,ss27,0.0896078431372548,0.0704647042783823,low-prob
ss28_bl6040,38,1,1,60/40,study_3,ss28,0.89202380952381,0.383394324639109,hi-prob
ss28_bl6040,38,1,2,60/40,study_3,ss28,0.669642857142857,0.223188985193629,low-prob
ss28_bl7525,38,1,1,75/25,study_3,ss28,0.958372093023256,0.249931552943762,hi-prob
ss28_bl7525,38,1,2,75/25,study_3,ss28,0.215813953488372,-0.0878528678703226,low-prob
ss28_bl9010,38,1,1,90/10,study_3,ss28,0.978723404255319,0.0382385830011436,hi-prob
ss28_bl9010,38,1,2,90/10,study_3,ss28,0.106276595744681,-0.0379473991470731,low-prob
ss29_bl6040,40,2,1,60/40,study_3,ss29,0.719875,0.047015542005867,hi-prob
ss29_bl6040,40,2,2,60/40,study_3,ss29,0.459375,-0.030111838554176,low-prob
ss29_bl7525,40,2,1,75/25,study_3,ss29,0.84445652173913,-0.0319748975358967,hi-prob
ss29_bl7525,40,2,2,75/25,study_3,ss29,0.164891304347826,-0.0144198946826722,low-prob
ss29_bl9010,40,2,1,90/10,study_3,ss29,0.983599999999999,0.0162239997821957,hi-prob
ss29_bl9010,40,2,2,90/10,study_3,ss29,0.1289,-0.0195086598385816,low-prob
ss30_bl6040,53,2,1,60/40,study_3,ss30,0.764642857142857,0.257718648963433,hi-prob
ss30_bl6040,53,2,2,60/40,study_3,ss30,0.446547619047619,-0.00681101480637084,low-prob
ss30_bl7525,53,2,1,75/25,study_3,ss30,0.901346153846154,0.0594085108230686,hi-prob
ss30_bl7525,53,2,2,75/25,study_3,ss30,0.118846153846154,-0.0675971342791794,low-prob
ss30_bl9010,53,2,1,90/10,study_3,ss30,0.889230769230769,0.000915319668561885,hi-prob
ss30_bl9010,53,2,2,90/10,study_3,ss30,0.0551923076923076,-0.0668276042485352,low-prob
ss32_bl6040,27,1,1,60/40,study_3,ss32,0.41125,-0.284234457994133,hi-prob
ss32_bl6040,27,1,2,60/40,study_3,ss32,0.3395,-0.167334060776398,low-prob
ss32_bl7525,27,1,1,75/25,study_3,ss32,0.586923076923077,-0.255014566100008,hi-prob
ss32_bl7525,27,1,2,75/25,study_3,ss32,0.170096153846154,-0.0163471342791794,low-prob
ss32_bl9010,27,1,1,90/10,study_3,ss32,0.949659090909091,0.0524477597198522,hi-prob
ss32_bl9010,27,1,2,90/10,study_3,ss32,0.0732954545454545,-0.0860540019931145,low-prob
ss33_bl6040,37,1,1,60/40,study_3,ss33,0.635897435897436,0.00054848931069459,hi-prob
ss33_bl6040,37,1,2,60/40,study_3,ss33,0.548333333333333,0.0518963091277928,low-prob
ss33_bl7525,37,1,1,75/25,study_3,ss33,0.710581395348837,0.0215105003121826,hi-prob
ss33_bl7525,37,1,2,75/25,study_3,ss33,0.459302325581395,0.153331342655993,low-prob
ss33_bl9010,37,1,1,90/10,study_3,ss33,0.879509803921568,-0.0742346960875897,hi-prob
ss33_bl9010,37,1,2,90/10,study_3,ss33,0.0374509803921568,0.0183078415332842,low-prob
ss34_bl6040,53,2,1,60/40,study_3,ss34,0.709487179487179,0.0741382329004382,hi-prob
ss34_bl6040,53,2,2,60/40,study_3,ss34,0.482051282051282,-0.0143857421542585,low-prob
ss34_bl7525,53,2,1,75/25,study_3,ss34,0.756707317073171,0.0674796923985175,hi-prob
ss34_bl7525,53,2,2,75/25,study_3,ss34,0.194878048780488,-0.0650500125152772,low-prob
ss34_bl9010,53,2,1,90/10,study_3,ss34,0.961914893617021,0.0352385830011436,hi-prob
ss34_bl9010,53,2,2,90/10,study_3,ss34,0.0351063829787233,-0.0796547162202439,low-prob
ss35_bl6040,39,1,1,60/40,study_3,ss35,0.518958333333333,-0.0636155083137327,hi-prob
ss35_bl6040,39,1,2,60/40,study_3,ss35,0.394583333333333,0.069467497339447,low-prob
ss35_bl7525,39,1,1,75/25,study_3,ss35,0.687558139534884,-0.000989499687817436,hi-prob
ss35_bl7525,39,1,2,75/25,study_3,ss35,0.193372093023256,-0.113642341554533,low-prob
ss35_bl9010,39,1,1,90/10,study_3,ss35,0.8582,-0.129822511845711,hi-prob
ss35_bl9010,39,1,2,90/10,study_3,ss35,0.1922,0.0802587820218836,low-prob
ss36_bl6040,37,1,1,60/40,study_3,ss36,0.421634615384615,-0.200710285265679,hi-prob
ss36_bl6040,37,1,2,60/40,study_3,ss36,0.395769230769231,0.0739512942424571,low-prob
ss36_bl7525,37,1,1,75/25,study_3,ss36,0.748942307692308,-0.0929953353307775,hi-prob
ss36_bl7525,37,1,2,75/25,study_3,ss36,0.264519230769231,0.0780759426438975,low-prob
ss36_bl9010,37,1,1,90/10,study_3,ss36,0.805681818181818,-0.08352446250237,hi-prob
ss36_bl9010,37,1,2,90/10,study_3,ss36,0.2975,0.138251553562441,low-prob
ss37_bl6040,53,2,1,60/40,study_3,ss37,0.553333333333333,0.022718648963433,hi-prob
ss37_bl6040,53,2,2,60/40,study_3,ss37,0.479047619047619,0.00440520140984531,low-prob
ss37_bl7525,53,2,1,75/25,study_3,ss37,0.696727272727273,-0.000148971693068801,hi-prob
ss37_bl7525,53,2,2,75/25,study_3,ss37,0.368090909090909,0.0971248138178116,low-prob
ss37_bl9010,53,2,1,90/10,study_3,ss37,0.842608695652174,-0.0699616443505331,hi-prob
ss37_bl9010,53,2,2,90/10,study_3,ss37,0.201304347826087,0.172939832574717,low-prob
ss38_bl6040,20,1,1,60/40,study_3,ss38,0.633571428571429,0.101097027341811,hi-prob
ss38_bl6040,20,1,2,60/40,study_3,ss38,0.376071428571429,-0.0865407445361006,low-prob
ss38_bl7525,20,1,1,75/25,study_3,ss38,0.50375,-0.282567609583428,hi-prob
ss38_bl7525,20,1,2,75/25,study_3,ss38,0.298660714285714,0.111869167691951,low-prob
ss38_bl9010,20,1,1,90/10,study_3,ss38,0.671346153846154,-0.216969295716053,hi-prob
ss38_bl9010,20,1,2,90/10,study_3,ss38,0.304326923076923,0.18230701113608,low-prob
ss39_bl6040,33,1,1,60/40,study_3,ss39,0.833461538461538,0.256789714734321,hi-prob
ss39_bl6040,33,1,2,60/40,study_3,ss39,0.382884615384616,0.00419519668148144,low-prob
ss39_bl7525,33,1,1,75/25,study_3,ss39,0.621666666666667,-0.0816012131767491,hi-prob
ss39_bl7525,33,1,2,75/25,study_3,ss39,0.469901960784314,0.201804667552387,low-prob
ss39_bl9010,33,1,1,90/10,study_3,ss39,0.924204545454545,0.0374477597198522,hi-prob
ss39_bl9010,33,1,2,90/10,study_3,ss39,0.10375,-0.0846651131042256,low-prob
ss3_bl6040,46,2,1,60/40,study_3,ss3,0.423589743589744,-0.211759202996998,hi-prob
ss3_bl6040,46,2,2,60/40,study_3,ss3,0.42474358974359,-0.0716934344619509,low-prob
ss3_bl7525,46,2,1,75/25,study_3,ss3,0.745,0.0417321201565842,hi-prob
ss3_bl7525,46,2,2,75/25,study_3,ss3,0.201274509803922,-0.0668227834280052,low-prob
ss3_bl9010,46,2,1,90/10,study_3,ss3,0.9009,-0.0556364653340834,hi-prob
ss3_bl9010,46,2,2,90/10,study_3,ss3,0.1482,0.00351459597537195,low-prob
ss40_bl6040,56,2,1,60/40,study_3,ss40,0.53725,-0.145206680216355,hi-prob
ss40_bl6040,56,2,2,60/40,study_3,ss40,0.73075,0.24544371700138,low-prob
ss40_bl7525,56,2,1,75/25,study_3,ss40,0.917307692307692,0.0753700492846071,hi-prob
ss40_bl7525,56,2,2,75/25,study_3,ss40,0.128076923076923,-0.0583663650484102,low-prob
ss40_bl9010,56,2,1,90/10,study_3,ss40,0.927872340425531,-0.0406842548225012,hi-prob
ss40_bl9010,56,2,2,90/10,study_3,ss40,0.119787234042553,0.0526598153768845,low-prob
ss41_bl6040,42,2,1,60/40,study_3,ss41,0.593452380952381,0.0579889192337032,hi-prob
ss41_bl6040,42,2,2,60/40,study_3,ss41,0.254761904761905,-0.221675879671236,low-prob
ss41_bl7525,42,2,1,75/25,study_3,ss41,0.788235294117647,0.0849674142742312,hi-prob
ss41_bl7525,42,2,2,75/25,study_3,ss41,0.112647058823529,-0.155450234408397,low-prob
ss41_bl9010,42,2,1,90/10,study_3,ss41,0.967941176470588,0.0141966764614299,hi-prob
ss41_bl9010,42,2,2,90/10,study_3,ss41,0.0268627450980392,0.00771960623916655,low-prob
ss42_bl6040,47,2,1,60/40,study_3,ss42,0.615128205128205,-0.0202207414585362,hi-prob
ss42_bl6040,47,2,2,60/40,study_3,ss42,0.591666666666667,0.0952296424611261,low-prob
ss42_bl7525,47,2,1,75/25,study_3,ss42,0.844146341463414,0.154918716788761,hi-prob
ss42_bl7525,47,2,2,75/25,study_3,ss42,0.409268292682927,0.149340231387162,low-prob
ss42_bl9010,47,2,1,90/10,study_3,ss42,0.628173076923077,-0.26014237263913,hi-prob
ss42_bl9010,47,2,2,90/10,study_3,ss42,0.131634615384615,0.00961470344377249,low-prob
ss4_bl7525,28,1,1,75/25,study_3,ss4,0.700098039215686,-0.00316984062772951,hi-prob
ss4_bl7525,28,1,2,75/25,study_3,ss4,0.442058823529412,0.173961530297485,low-prob
ss4_bl9010,28,1,1,90/10,study_3,ss4,0.40054347826087,-0.512026861741838,hi-prob
ss4_bl9010,28,1,2,90/10,study_3,ss4,0.321847826086957,0.293483310835586,low-prob
ss5_bl6040,67,2,1,60/40,study_3,ss5,0.888541666666667,0.320043028271633,hi-prob
ss5_bl6040,67,2,2,60/40,study_3,ss5,0.254375,-0.0707705978986482,low-prob
ss5_bl7525,67,2,1,75/25,study_3,ss5,0.95076923076923,0.108831587746146,hi-prob
ss5_bl7525,67,2,2,75/25,study_3,ss5,0.060576923076923,-0.12586636504841,low-prob
ss5_bl9010,67,2,1,90/10,study_3,ss5,0.928823529411765,-0.0249209705973937,hi-prob
ss5_bl9010,67,2,2,90/10,study_3,ss5,0.0517647058823529,0.0326215670234803,low-prob
ss7_bl6040,60,2,1,60/40,study_3,ss7,0.477980769230769,-0.143448380503775,hi-prob
ss7_bl6040,60,2,2,60/40,study_3,ss7,0.479519230769231,0.174804952779042,low-prob
ss7_bl7525,60,2,1,75/25,study_3,ss7,0.468478260869565,-0.407953158405462,hi-prob
ss7_bl7525,60,2,2,75/25,study_3,ss7,0.441304347826087,0.261993148795589,low-prob
ss7_bl9010,60,2,1,90/10,study_3,ss7,0.531595744680851,-0.436960850567182,hi-prob
ss7_bl9010,60,2,2,90/10,study_3,ss7,0.302021276595745,0.234893857930076,low-prob
ss8_bl6040,20,1,1,60/40,study_3,ss8,0.561979166666667,-0.0278838009966596,hi-prob
ss8_bl6040,20,1,2,60/40,study_3,ss8,0.6196875,0.312205592577542,low-prob
ss8_bl9010,20,1,1,90/10,study_3,ss8,0.9375,0.02897553749763,hi-prob
ss8_bl9010,20,1,2,90/10,study_3,ss8,0.130340909090909,-0.0377206686597811,low-prob
ss9_bl6040,41,2,1,60/40,study_3,ss9,0.533269230769231,-0.07618647574187,hi-prob
ss9_bl6040,41,2,2,60/40,study_3,ss9,0.560192307692308,0.262975684486359,low-prob
ss9_bl7525,41,2,1,75/25,study_3,ss9,0.884818181818182,0.213705194973598,hi-prob
ss9_bl7525,41,2,2,75/25,study_3,ss9,0.405454545454545,0.116812313817812,low-prob
ss9_bl9010,41,2,1,90/10,study_3,ss9,0.883617021276596,-0.0849395739714373,hi-prob
ss9_bl9010,41,2,2,90/10,study_3,ss9,0.155106382978723,0.0879789643130547,low-prob
